prod_name,Jan,Feb,Mar,Apr,may,Jun,Total_Sell,Average_Sell
pen,500,600,400,550,650,500,3200,533.3333333333334
eraser,300,350,400,450,250,500,2250,375.0
scale,600,550,400,350,250,700,2850,475.0
pencil,500,400,300,350,450,600,2600,433.3333333333333
colour,600,650,400,450,500,550,3150,525.0
